{
    "rmse": 2.5380226965192425,
    "mae": 2.081590516483313,
    "r2": 0.1652407073805432
}